CODIGO;CODIGO_BARRA_PRODUTO;DESCRICAO_PRODUTO;PRECO_VENDA_PRODUTO
1;7890000000017;ROUND CORSE    CORSE WITH QID - S+    1050    cc;28
2;7890000000024;ROUND CORSE    CORSE WITH QID - S+    180    cc;1
3;7890000000031;ROUND CORSE    CORSE WITH QID - S+    210    cc;1
4;7890000000048;ROUND CORSE    CORSE WITH QID - S+    240    cc;1
5;7890000000055;ROUND CORSE    CORSE WITH QID - S+    260    cc;1
6;7890000000062;ROUND CORSE    CORSE WITH QID - S+    280    cc;1
7;7890000000079;ROUND CORSE    CORSE WITH QID - S+    300    cc;1
8;7890000000086;CALCA JEANS;150
9;7890000000093;ROUND CORSE    CORSE WITH QID - S+    350    cc;1
10;7890000000109;ROUND CORSE    CORSE WITH QID - S+    380    cc;1
11;7890000000116;ROUND CORSE    CORSE WITH QID - S+    410    cc;1
12;7890000000123;ROUND CORSE    CORSE WITH QID - S+    440    cc;1
13;7890000000130;ROUND CORSE    CORSE WITH QID - S+    475    cc;1
14;7890000000147;ROUND CORSE    CORSE WITH QID - S+    510    cc;1
15;7890000000154;ROUND CORSE    CORSE WITH QID - S+    550    cc;1
16;7890000000161;ROUND CORSE    CORSE WITH QID - S+    590    cc;1
17;7890000000178;ROUND CORSE    CORSE WITH QID - S+    650    cc;1
18;7890000000185;ROUND CORSE    CORSE WITH QID - S+    725    cc;1
19;7890000000192;ROUND CORSE    CORSE WITH QID - S+    825    cc;1
20;7890000000208;ROUND CORSE    CORSE WITH QID - S+    925    cc;1
21;7890000000215;ROUND DEMI    DEMI WITH QID  - S+    135    cc;1
22;7890000000222;ROUND DEMI    DEMI WITH QID  - S+    155    cc;1
23;7890000000239;ROUND DEMI    DEMI WITH QID  - S+    180    cc;1
24;7890000000246;ROUND DEMI    DEMI WITH QID  - S+    190    cc;1
25;7890000000253;ROUND DEMI    DEMI WITH QID  - S+    205    cc;1
26;7890000000260;ROUND DEMI    DEMI WITH QID  - S+    215    cc;1
27;7890000000277;ROUND DEMI    DEMI WITH QID  - S+    230    cc;1
28;7890000000284;ROUND DEMI    DEMI WITH QID  - S+    245    cc;1
29;7890000000291;ROUND DEMI    DEMI WITH QID  - S+    265    cc;1
30;7890000000307;ROUND DEMI    DEMI WITH QID  - S+    285    cc;1
31;7890000000314;ROUND DEMI    DEMI WITH QID  - S+    300    cc;1
32;7890000000321;ROUND DEMI    DEMI WITH QID  - S+    320    cc;1
33;7890000000338;ROUND DEMI    DEMI WITH QID  - S+    340    cc;1
34;7890000000345;ROUND DEMI    DEMI WITH QID  - S+    360    cc;1
35;7890000000352;ROUND DEMI    DEMI WITH QID  - S+    380    cc;1
36;7890000000369;ROUND DEMI    DEMI WITH QID  - S+    425    cc;1
37;7890000000376;ROUND DEMI    DEMI WITH QID  - S+    475    cc;1
38;7890000000383;ROUND DEMI    DEMI WITH QID  - S+    525    cc;1
39;7890000000390;ROUND DEMI    DEMI WITH QID  - S+    575    cc;1
40;7890000000406;ROUND DEMI    DEMI WITH QID  - S+    625    cc;1
41;7890000000413;ROUND FULL    FULL WITH QID  - S+    145    cc;1
42;7890000000420;ROUND FULL    FULL WITH QID  - S+    175    cc;1
43;7890000000437;ROUND FULL    FULL WITH QID  - S+    205    cc;1
44;7890000000444;ROUND FULL    FULL WITH QID  - S+    220    cc;1
45;7890000000451;ROUND FULL    FULL WITH QID  - S+    235    cc;1
46;7890000000468;ROUND FULL    FULL WITH QID  - S+    255    cc;1
47;7890000000475;ROUND FULL    FULL WITH QID  - S+    275    cc;1
48;7890000000482;ROUND FULL    FULL WITH QID  - S+    295    cc;1
49;7890000000499;ROUND FULL    FULL WITH QID  - S+    315    cc;1
50;7890000000505;ROUND FULL    FULL WITH QID  - S+    335    cc;1
51;7890000000512;ROUND FULL    FULL WITH QID  - S+    355    cc;1
52;7890000000529;ROUND FULL    FULL WITH QID  - S+    375    cc;1
53;7890000000536;ROUND FULL    FULL WITH QID  - S+    400    cc;1
54;7890000000543;ROUND FULL    FULL WITH QID  - S+    425    cc;1
55;7890000000550;ROUND FULL    FULL WITH QID  - S+    450    cc;1
56;7890000000567;ROUND FULL    FULL WITH QID  - S+    500    cc;1
57;7890000000574;ROUND FULL    FULL WITH QID  - S+    550    cc;1
58;7890000000581;ROUND FULL    FULL WITH QID  - S+    625    cc;1
59;7890000000598;ROUND FULL    FULL WITH QID  - S+    700    cc;1
60;7890000000604;ROUND FULL    FULL WITH QID  - S+    775    cc;1
61;7890000000611;ROUND MINI    MINI WITH QID  - S+    105    cc;1
62;7890000000628;ROUND MINI    MINI WITH QID  - S+    125    cc;1
63;7890000000635;ROUND MINI    MINI WITH QID  - S+    140    cc;1
64;7890000000642;ROUND MINI    MINI WITH QID  - S+    150    cc;1
65;7890000000659;ROUND MINI    MINI WITH QID  - S+    160    cc;1
66;7890000000666;ROUND MINI    MINI WITH QID  - S+    170    cc;1
67;7890000000673;ROUND MINI    MINI WITH QID  - S+    185    cc;1
68;7890000000680;ROUND MINI    MINI WITH QID  - S+    205    cc;1
69;7890000000697;ROUND MINI    MINI WITH QID  - S+    220    cc;1
70;7890000000703;ROUND MINI    MINI WITH QID  - S+    230    cc;1
71;7890000000710;ROUND MINI    MINI WITH QID  - S+    245    cc;1
72;7890000000727;ROUND MINI    MINI WITH QID  - S+    260    cc;1
73;7890000000734;ROUND MINI    MINI WITH QID  - S+    275    cc;1
74;7890000000741;ROUND MINI    MINI WITH QID  - S+    290    cc;1
75;7890000000758;ROUND MINI    MINI WITH QID  - S+    310    cc;1
76;7890000000765;ROUND MINI    MINI WITH QID  - S+    360    cc;1
77;7890000000772;ROUND MINI    MINI WITH QID  - S+    400    cc;1
78;7890000000789;ROUND MINI    MINI WITH QID  - S+    430    cc;1
79;7890000000796;ROUND MINI    MINI WITH QID  - S+    475    cc;1
80;7890000000802;ROUND MINI    MINI WITH QID  - S+    525    cc;1
81;7890000000819;ERGONOMIX CORSE    CORSE WITH QID - S    1050    cc;1
82;7890000000826;ERGONOMIX CORSE    CORSE WITH QID - S    180    cc;1
83;7890000000833;ERGONOMIX CORSE    CORSE WITH QID - S    210    cc;1
84;7890000000840;ERGONOMIX CORSE    CORSE WITH QID - S    240    cc;1
85;7890000000857;ERGONOMIX CORSE    CORSE WITH QID - S    260    cc;1
86;7890000000864;ERGONOMIX CORSE    CORSE WITH QID - S    280    cc;1
87;7890000000871;ERGONOMIX CORSE    CORSE WITH QID - S    300    cc;1
88;7890000000888;ERGONOMIX CORSE    CORSE WITH QID - S    325    cc;1
89;7890000000895;ERGONOMIX CORSE    CORSE WITH QID - S    350    cc;1
90;7890000000901;ERGONOMIX CORSE    CORSE WITH QID - S    380    cc;1
91;7890000000918;ERGONOMIX CORSE    CORSE WITH QID - S    410    cc;1
92;7890000000925;ERGONOMIX CORSE    CORSE WITH QID - S    440    cc;1
93;7890000000932;ERGONOMIX CORSE    CORSE WITH QID - S    475    cc;1
94;7890000000949;ERGONOMIX CORSE    CORSE WITH QID - S    510    cc;1
95;7890000000956;ERGONOMIX CORSE    CORSE WITH QID - S    550    cc;1
96;7890000000963;ERGONOMIX CORSE    CORSE WITH QID - S    590    cc;1
97;7890000000970;ERGONOMIX CORSE    CORSE WITH QID - S    650    cc;1
98;7890000000987;ERGONOMIX CORSE    CORSE WITH QID - S    725    cc;1
99;7890000000994;ERGONOMIX CORSE    CORSE WITH QID - S    825    cc;1
100;7890000001007;ERGONOMIX CORSE    CORSE WITH QID - S    925    cc;1
101;7890000001014;ERGONOMIX DEMI    DEMI WITH QID  - S    135    cc;1
102;7890000001021;ERGONOMIX DEMI    DEMI WITH QID  - S    155    cc;1
103;7890000001038;ERGONOMIX DEMI    DEMI WITH QID  - S    180    cc;1
104;7890000001045;ERGONOMIX DEMI    DEMI WITH QID  - S    190    cc;1
105;7890000001052;ERGONOMIX DEMI    DEMI WITH QID  - S    205    cc;1
106;7890000001069;ERGONOMIX DEMI    DEMI WITH QID  - S    215    cc;1
107;7890000001076;ERGONOMIX DEMI    DEMI WITH QID  - S    230    cc;1
108;7890000001083;ERGONOMIX DEMI    DEMI WITH QID  - S    245    cc;1
109;7890000001090;ERGONOMIX DEMI    DEMI WITH QID  - S    265    cc;1
110;7890000001106;ERGONOMIX DEMI    DEMI WITH QID  - S    285    cc;1
111;7890000001113;ERGONOMIX DEMI    DEMI WITH QID  - S    300    cc;1
112;7890000001120;ERGONOMIX DEMI    DEMI WITH QID  - S    320    cc;1
113;7890000001137;ERGONOMIX DEMI    DEMI WITH QID  - S    340    cc;1
114;7890000001144;ERGONOMIX DEMI    DEMI WITH QID  - S    360    cc;1
115;7890000001151;ERGONOMIX DEMI    DEMI WITH QID  - S    380    cc;1
116;7890000001168;ERGONOMIX DEMI    DEMI WITH QID  - S    425    cc;1
117;7890000001175;ERGONOMIX DEMI    DEMI WITH QID  - S    425    cc;1
118;7890000001182;ERGONOMIX DEMI    DEMI WITH QID  - S    525    cc;1
119;7890000001199;ERGONOMIX DEMI    DEMI WITH QID  - S    575    cc;1
120;7890000001205;ERGONOMIX DEMI    DEMI WITH QID  - S    625    cc;1
121;7890000001212;ERGONOMIX FULL    FULL WITH QID - S    145    cc;1
122;7890000001229;ERGONOMIX FULL    FULL WITH QID - S    175    cc;1
123;7890000001236;ERGONOMIX FULL    FULL WITH QID - S    205    cc;1
124;7890000001243;ERGONOMIX FULL    FULL WITH QID - S    220    cc;1
125;7890000001250;ERGONOMIX FULL    FULL WITH QID - S    235    cc;1
126;7890000001267;ERGONOMIX FULL    FULL WITH QID - S    255    cc;1
127;7890000001274;ERGONOMIX FULL    FULL WITH QID - S    275    cc;1
128;7890000001281;ERGONOMIX FULL    FULL WITH QID - S    295    cc;1
129;7890000001298;ERGONOMIX FULL    FULL WITH QID - S    315    cc;1
130;7890000001304;ERGONOMIX FULL    FULL WITH QID - S    335    cc;1
131;7890000001311;ERGONOMIX FULL    FULL WITH QID - S    355    cc;1
132;7890000001328;ERGONOMIX FULL    FULL WITH QID - S    375    cc;1
133;7890000001335;ERGONOMIX FULL    FULL WITH QID - S    400    cc;1
134;7890000001342;ERGONOMIX FULL    FULL WITH QID - S    425    cc;1
135;7890000001359;ERGONOMIX FULL    FULL WITH QID - S    450    cc;1
136;7890000001366;ERGONOMIX FULL    FULL WITH QID - S    500    cc;1
137;7890000001373;ERGONOMIX FULL    FULL WITH QID - S    550    cc;1
138;7890000001380;ERGONOMIX FULL    FULL WITH QID - S    625    cc;1
139;7890000001397;ERGONOMIX FULL    FULL WITH QID - S    700    cc;1
140;7890000001403;ERGONOMIX FULL    FULL WITH QID - S    775    cc;1
141;7890000001410;ERGONOMIX MINI    MINI WITH QID - S    105    cc;1
142;7890000001427;ERGONOMIX MINI    MINI WITH QID - S    125    cc;1
143;7890000001434;ERGONOMIX MINI    MINI WITH QID - S    140    cc;1
144;7890000001441;ERGONOMIX MINI    MINI WITH QID - S    150    cc;1
145;7890000001458;ERGONOMIX MINI    MINI WITH QID - S    160    cc;1
146;7890000001465;ERGONOMIX MINI    MINI WITH QID - S    170    cc;1
147;7890000001472;ERGONOMIX MINI    MINI WITH QID - S    185    cc;1
148;7890000001489;ERGONOMIX MINI    MINI WITH QID - S    205    cc;1
149;7890000001496;ERGONOMIX MINI    MINI WITH QID - S    220    cc;1
150;7890000001502;ERGONOMIX MINI    MINI WITH QID - S    230    cc;1
151;7890000001519;ERGONOMIX MINI    MINI WITH QID - S    245    cc;1
152;7890000001526;ERGONOMIX MINI    MINI WITH QID - S    260    cc;1
153;7890000001533;ERGONOMIX MINI    MINI WITH QID - S    275    cc;1
154;7890000001540;ERGONOMIX MINI    MINI WITH QID - S    290    cc;1
155;7890000001557;ERGONOMIX MINI    MINI WITH QID - S    310    cc;1
156;7890000001564;ERGONOMIX MINI    MINI WITH QID - S    360    cc;1
157;7890000001571;ERGONOMIX MINI    MINI WITH QID - S    400    cc;1
158;7890000001588;ERGONOMIX MINI    MINI WITH QID - S    430    cc;1
159;7890000001595;ERGONOMIX MINI    MINI WITH QID - S    475    cc;1
160;7890000001601;ERGONOMIX MINI    MINI WITH QID - S    525    cc;1
161;7890000001618;SAMPLE ROUND CORSE    CORSE - SS    1050    cc;1
162;7890000001625;SAMPLE ROUND CORSE    CORSE - SS+    1050    cc;1
163;7890000001632;SAMPLE ROUND CORSE    CORSE - SS    180    cc;1
164;7890000001649;SAMPLE ROUND CORSE    CORSE - SS+    180    cc;1
165;7890000001656;SAMPLE ROUND CORSE    CORSE - SS    210    cc;1
166;7890000001663;SAMPLE ROUND CORSE    CORSE - SS+    210    cc;1
167;7890000001670;SAMPLE ROUND CORSE    CORSE - SS    240    cc;1
168;7890000001687;SAMPLE ROUND CORSE    CORSE - SS+    240    cc;1
169;7890000001694;SAMPLE ROUND CORSE    CORSE - SS    260    cc;1
170;7890000001700;SAMPLE ROUND CORSE    CORSE - SS+    260    cc;1
171;7890000001717;SAMPLE ROUND CORSE    CORSE - SS    280    cc;1
172;7890000001724;SAMPLE ROUND CORSE    CORSE - SS+    280    cc;1
173;7890000001731;SAMPLE ROUND CORSE    CORSE - SS    300    cc;1
174;7890000001748;SAMPLE ROUND CORSE    CORSE - SS+    300    cc;1
175;7890000001755;SAMPLE ROUND CORSE    CORSE - SS    325    cc;1
176;7890000001762;SAMPLE ROUND CORSE    CORSE - SS+    325    cc;1
177;7890000001779;SAMPLE ROUND CORSE    CORSE - SS    350    cc;1
178;7890000001786;SAMPLE ROUND CORSE    CORSE - SS+    350    cc;1
179;7890000001793;SAMPLE ROUND CORSE    CORSE - SS    380    cc;1
180;7890000001809;SAMPLE ROUND CORSE    CORSE - SS+    380    cc;1
181;7890000001816;SAMPLE ROUND CORSE    CORSE - SS    410    cc;1
182;7890000001823;SAMPLE ROUND CORSE    CORSE - SS+    410    cc;1
183;7890000001830;SAMPLE ROUND CORSE    CORSE - SS    440    cc;1
184;7890000001847;SAMPLE ROUND CORSE    CORSE - SS+    440    cc;1
185;7890000001854;SAMPLE ROUND CORSE    CORSE - SS    475    cc;1
186;7890000001861;SAMPLE ROUND CORSE    CORSE - SS+    475    cc;1
187;7890000001878;SAMPLE ROUND CORSE    CORSE - SS    510    cc;1
188;7890000001885;SAMPLE ROUND CORSE    CORSE - SS+    510    cc;1
189;7890000001892;SAMPLE ROUND CORSE    CORSE - SS    550    cc;1
190;7890000001908;SAMPLE ROUND CORSE    CORSE - SS+    550    cc;1
191;7890000001915;SAMPLE ROUND CORSE    CORSE - SS    590    cc;1
192;7890000001922;SAMPLE ROUND CORSE    CORSE - SS+    590    cc;1
193;7890000001939;SAMPLE ROUND CORSE    CORSE - SS    650    cc;1
194;7890000001946;SAMPLE ROUND CORSE    CORSE - SS+    650    cc;1
195;7890000001953;SAMPLE ROUND CORSE    CORSE - SS    725    cc;1
196;7890000001960;SAMPLE ROUND CORSE    CORSE - SS+    725    cc;1
197;7890000001977;SAMPLE ROUND CORSE    CORSE - SS    825    cc;1
198;7890000001984;SAMPLE ROUND CORSE    CORSE - SS+    825    cc;1
199;7890000001991;SAMPLE ROUND CORSE    CORSE - SS    925    cc;1
200;7890000002004;SAMPLE ROUND CORSE    CORSE - SS+    925    cc;1
201;7890000002011;SAMPLE ROUND DEMI    DEMI - SS    135    cc;1
202;7890000002028;SAMPLE ROUND DEMI    DEMI - SS+    135    cc;1
203;7890000002035;SAMPLE ROUND DEMI    DEMI - SS    155    cc;1
204;7890000002042;SAMPLE ROUND DEMI    DEMI - SS+    155    cc;1
205;7890000002059;SAMPLE ROUND DEMI    DEMI - SS    180    cc;1
206;7890000002066;SAMPLE ROUND DEMI    DEMI - SS+    180    cc;1
207;7890000002073;SAMPLE ROUND DEMI    DEMI - SS    190    cc;1
208;7890000002080;SAMPLE ROUND DEMI    DEMI - SS+    190    cc;1
209;7890000002097;SAMPLE ROUND DEMI    DEMI - SS    205    cc;1
210;7890000002103;SAMPLE ROUND DEMI    DEMI - SS+    205    cc;1
211;7890000002110;SAMPLE ROUND DEMI    DEMI - SS    215    cc;1
212;7890000002127;SAMPLE ROUND DEMI    DEMI - SS+    215    cc;1
213;7890000002134;SAMPLE ROUND DEMI    DEMI - SS    230    cc;1
214;7890000002141;SAMPLE ROUND DEMI    DEMI - SS+    230    cc;1
215;7890000002158;SAMPLE ROUND DEMI    DEMI - SS    245    cc;1
216;7890000002165;SAMPLE ROUND DEMI    DEMI - SS+    245    cc;1
217;7890000002172;SAMPLE ROUND DEMI    DEMI - SS    265    cc;1
218;7890000002189;SAMPLE ROUND DEMI    DEMI - SS+    265    cc;1
219;7890000002196;SAMPLE ROUND DEMI    DEMI - SS    285    cc;1
220;7890000002202;SAMPLE ROUND DEMI    DEMI - SS+    285    cc;1
221;7890000002219;SAMPLE ROUND DEMI    DEMI - SS    300    cc;1
222;7890000002226;SAMPLE ROUND DEMI    DEMI - SS+    300    cc;1
223;7890000002233;SAMPLE ROUND DEMI    DEMI - SS    320    cc;1
224;7890000002240;SAMPLE ROUND DEMI    DEMI - SS+    320    cc;1
225;7890000002257;SAMPLE ROUND DEMI    DEMI - SS    340    cc;1
226;7890000002264;SAMPLE ROUND DEMI    DEMI - SS+    340    cc;1
227;7890000002271;SAMPLE ROUND DEMI    DEMI - SS    360    cc;1
228;7890000002288;SAMPLE ROUND DEMI    DEMI - SS+    360    cc;1
229;7890000002295;SAMPLE ROUND DEMI    DEMI - SS    380    cc;1
230;7890000002301;SAMPLE ROUND DEMI    DEMI - SS+    380    cc;1
231;7890000002318;SAMPLE ROUND DEMI    DEMI - SS    425    cc;1
232;7890000002325;SAMPLE ROUND DEMI    DEMI - SS+    425    cc;1
233;7890000002332;SAMPLE ROUND DEMI    DEMI - SS    475    cc;1
234;7890000002349;SAMPLE ROUND DEMI    DEMI - SS+    475    cc;1
235;7890000002356;SAMPLE ROUND DEMI    DEMI - SS    525    cc;1
236;7890000002363;SAMPLE ROUND DEMI    DEMI - SS+    525    cc;1
237;7890000002370;SAMPLE ROUND DEMI    DEMI - SS    575    cc;1
238;7890000002387;SAMPLE ROUND DEMI    DEMI - SS+    575    cc;1
239;7890000002394;SAMPLE ROUND DEMI    DEMI - SS    625    cc;1
240;7890000002400;SAMPLE ROUND DEMI    DEMI - SS+    625    cc;1
241;7890000002417;SAMPLE ROUND FULL    FULL - SS    145    cc;1
242;7890000002424;SAMPLE ROUND FULL    FULL - SS+    145    cc;1
243;7890000002431;SAMPLE ROUND FULL    FULL - SS    175    cc;1
244;7890000002448;SAMPLE ROUND FULL    FULL - SS+    175    cc;1
245;7890000002455;SAMPLE ROUND FULL    FULL - SS    205    cc;1
246;7890000002462;SAMPLE ROUND FULL    FULL - SS+    205    cc;1
247;7890000002479;SAMPLE ROUND FULL    FULL - SS    220    cc;1
248;7890000002486;SAMPLE ROUND FULL    FULL - SS+    220    cc;1
249;7890000002493;SAMPLE ROUND FULL    FULL - SS    235    cc;1
250;7890000002509;SAMPLE ROUND FULL    FULL - SS+    235    cc;1
251;7890000002516;SAMPLE ROUND FULL    FULL - SS    255    cc;1
252;7890000002523;SAMPLE ROUND FULL    FULL - SS+    255    cc;1
253;7890000002530;SAMPLE ROUND FULL    FULL - SS    275    cc;1
254;7890000002547;SAMPLE ROUND FULL    FULL - SS+    275    cc;1
255;7890000002554;SAMPLE ROUND FULL    FULL - SS    295    cc;1
256;7890000002561;SAMPLE ROUND FULL    FULL - SS+    295    cc;1
257;7890000002578;SAMPLE ROUND FULL    FULL - SS    315    cc;1
258;7890000002585;SAMPLE ROUND FULL    FULL - SS+    315    cc;1
259;7890000002592;SAMPLE ROUND FULL    FULL - SS    335    cc;1
260;7890000002608;SAMPLE ROUND FULL    FULL - SS+    335    cc;1
261;7890000002615;SAMPLE ROUND FULL    FULL - SS    355    cc;1
262;7890000002622;SAMPLE ROUND FULL    FULL - SS+    355    cc;1
263;7890000002639;SAMPLE ROUND FULL    FULL - SS    375    cc;1
264;7890000002646;SAMPLE ROUND FULL    FULL - SS+    375    cc;1
265;7890000002653;SAMPLE ROUND FULL    FULL - SS    400    cc;1
266;7890000002660;SAMPLE ROUND FULL    FULL - SS+    400    cc;1
267;7890000002677;SAMPLE ROUND FULL    FULL - SS    425    cc;1
268;7890000002684;SAMPLE ROUND FULL    FULL - SS+    425    cc;1
269;7890000002691;SAMPLE ROUND FULL    FULL - SS    450    cc;1
270;7890000002707;SAMPLE ROUND FULL    FULL - SS+    450    cc;1
271;7890000002714;SAMPLE ROUND FULL    FULL - SS    500    cc;1
272;7890000002721;SAMPLE ROUND FULL    FULL - SS+    500    cc;1
273;7890000002738;SAMPLE ROUND FULL    FULL - SS    550    cc;1
274;7890000002745;SAMPLE ROUND FULL    FULL - SS+    550    cc;1
275;7890000002752;SAMPLE ROUND FULL    FULL - SS    625    cc;1
276;7890000002769;SAMPLE ROUND FULL    FULL - SS+    625    cc;1
277;7890000002776;SAMPLE ROUND FULL    FULL - SS    700    cc;1
278;7890000002783;SAMPLE ROUND FULL    FULL - SS+    700    cc;1
279;7890000002790;SAMPLE ROUND FULL    FULL - SS    775    cc;1
280;7890000002806;SAMPLE ROUND FULL    FULL - SS+    775    cc;1
281;7890000002813;SAMPLE ROUND MINI    MINI - SS    105    cc;1
282;7890000002820;SAMPLE ROUND MINI    MINI - SS+    105    cc;1
283;7890000002837;SAMPLE ROUND MINI    MINI - SS    125    cc;1
284;7890000002844;SAMPLE ROUND MINI    MINI - SS+    125    cc;1
285;7890000002851;SAMPLE ROUND MINI    MINI - SS    140    cc;1
286;7890000002868;SAMPLE ROUND MINI    MINI - SS+    140    cc;1
287;7890000002875;SAMPLE ROUND MINI    MINI - SS    150    cc;1
288;7890000002882;SAMPLE ROUND MINI    MINI - SS+    150    cc;1
289;7890000002899;SAMPLE ROUND MINI    MINI - SS    160    cc;1
290;7890000002905;SAMPLE ROUND MINI    MINI - SS+    160    cc;1
291;7890000002912;SAMPLE ROUND MINI    MINI - SS    170    cc;1
292;7890000002929;SAMPLE ROUND MINI    MINI - SS+    170    cc;1
293;7890000002936;SAMPLE ROUND MINI    MINI - SS    185    cc;1
294;7890000002943;SAMPLE ROUND MINI    MINI - SS+    185    cc;1
295;7890000002950;SAMPLE ROUND MINI    MINI - SS    205    cc;1
296;7890000002967;SAMPLE ROUND MINI    MINI - SS+    205    cc;1
297;7890000002974;SAMPLE ROUND MINI    MINI - SS    220    cc;1
298;7890000002981;SAMPLE ROUND MINI    MINI - SS+    220    cc;1
299;7890000002998;SAMPLE ROUND MINI    MINI - SS    230    cc;1
300;7890000003001;SAMPLE ROUND MINI    MINI - SS+    230    cc;1
301;7890000003018;SAMPLE ROUND MINI    MINI - SS    245    cc;1
302;7890000003025;SAMPLE ROUND MINI    MINI - SS+    245    cc;1
303;7890000003032;SAMPLE ROUND MINI    MINI - SS    260    cc;1
304;7890000003049;SAMPLE ROUND MINI    MINI - SS+    260    cc;1
305;7890000003056;SAMPLE ROUND MINI    MINI - SS    275    cc;1
306;7890000003063;SAMPLE ROUND MINI    MINI - SS+    275    cc;1
307;7890000003070;SAMPLE ROUND MINI    MINI - SS    290    cc;1
308;7890000003087;SAMPLE ROUND MINI    MINI - SS+    290    cc;1
309;7890000003094;SAMPLE ROUND MINI    MINI - SS    310    cc;1
310;7890000003100;SAMPLE ROUND MINI    MINI - SS+    310    cc;1
311;7890000003117;SAMPLE ROUND MINI    MINI - SS    360    cc;1
312;7890000003124;SAMPLE ROUND MINI    MINI - SS+    360    cc;1
313;7890000003131;SAMPLE ROUND MINI    MINI - SS    400    cc;1
314;7890000003148;SAMPLE ROUND MINI    MINI - SS+    400    cc;1
315;7890000003155;SAMPLE ROUND MINI    MINI - SS    430    cc;1
316;7890000003162;SAMPLE ROUND MINI    MINI - SS+    430    cc;1
317;7890000003179;SAMPLE ROUND MINI    MINI - SS    475    cc;1
318;7890000003186;SAMPLE ROUND MINI    MINI - SS+    475    cc;1
319;7890000003193;SAMPLE ROUND MINI    MINI - SS    525    cc;1
320;7890000003209;SAMPLE ROUND MINI    MINI - SS+    525    cc;1
321;7890000003216;SIZER CORSE    CORSE    1050    cc;1
322;7890000003223;SIZER CORSE    CORSE    180    cc;1
323;7890000003230;SIZER CORSE    CORSE    210    cc;1
324;7890000003247;SIZER CORSE    CORSE    240    cc;1
325;7890000003254;SIZER CORSE    CORSE    260    cc;1
326;7890000003261;SIZER CORSE    CORSE    280    cc;1
327;7890000003278;SIZER CORSE    CORSE    300    cc;1
328;7890000003285;SIZER CORSE    CORSE    325    cc;1
329;7890000003292;SIZER CORSE    CORSE    350    cc;1
330;7890000003308;SIZER CORSE    CORSE    380    cc;1
331;7890000003315;SIZER CORSE    CORSE    410    cc;1
332;7890000003322;SIZER CORSE    CORSE    440    cc;1
333;7890000003339;SIZER CORSE    CORSE    475    cc;1
334;7890000003346;SIZER CORSE    CORSE    510    cc;1
335;7890000003353;SIZER CORSE    CORSE    550    cc;1
336;7890000003360;SIZER CORSE    CORSE    590    cc;1
337;7890000003377;SIZER CORSE    CORSE    650    cc;1
338;7890000003384;SIZER CORSE    CORSE    725    cc;1
339;7890000003391;SIZER CORSE    CORSE    825    cc;1
340;7890000003407;SIZER CORSE    CORSE    925    cc;1
341;7890000003414;SIZER DEMI    DEMI    135    cc;1
342;7890000003421;SIZER DEMI    DEMI    155    cc;1
343;7890000003438;SIZER DEMI    DEMI    180    cc;1
344;7890000003445;SIZER DEMI    DEMI    190    cc;1
345;7890000003452;SIZER DEMI    DEMI    205    cc;1
346;7890000003469;SIZER DEMI    DEMI    215    cc;1
347;7890000003476;SIZER DEMI    DEMI    230    cc;1
348;7890000003483;SIZER DEMI    DEMI    245    cc;1
349;7890000003490;SIZER DEMI    DEMI    265    cc;1
350;7890000003506;SIZER DEMI    DEMI    285    cc;1
351;7890000003513;SIZER DEMI    DEMI    300    cc;1
352;7890000003520;SIZER DEMI    DEMI    320    cc;1
353;7890000003537;SIZER DEMI    DEMI    340    cc;1
354;7890000003544;SIZER DEMI    DEMI    360    cc;1
355;7890000003551;SIZER DEMI    DEMI    380    cc;1
356;7890000003568;SIZER DEMI    DEMI    425    cc;1
357;7890000003575;SIZER DEMI    DEMI    475    cc;1
358;7890000003582;SIZER DEMI    DEMI    525    cc;1
359;7890000003599;SIZER DEMI    DEMI    575    cc;1
360;7890000003605;SIZER DEMI    DEMI    625    cc;1
361;7890000003612;SIZER FULL    FULL    145    cc;1
362;7890000003629;SIZER FULL    FULL    175    cc;1
363;7890000003636;SIZER FULL    FULL    205    cc;1
364;7890000003643;SIZER FULL    FULL    220    cc;1
365;7890000003650;SIZER FULL    FULL    235    cc;1
366;7890000003667;SIZER FULL    FULL    255    cc;1
367;7890000003674;SIZER FULL    FULL    275    cc;1
368;7890000003681;SIZER FULL    FULL    295    cc;1
369;7890000003698;SIZER FULL    FULL    315    cc;1
370;7890000003704;SIZER FULL    FULL    335    cc;1
371;7890000003711;SIZER FULL    FULL    355    cc;1
372;7890000003728;SIZER FULL    FULL    375    cc;1
373;7890000003735;SIZER FULL    FULL    400    cc;1
374;7890000003742;SIZER FULL    FULL    425    cc;1
375;7890000003759;SIZER FULL    FULL    450    cc;1
376;7890000003766;SIZER FULL    FULL    500    cc;1
377;7890000003773;SIZER FULL    FULL    550    cc;1
378;7890000003780;SIZER FULL    FULL    625    cc;1
379;7890000003797;SIZER FULL    FULL    700    cc;1
380;7890000003803;SIZER FULL    FULL    775    cc;1
381;7890000003810;SIZER MINI    MINI    105    cc;1
382;7890000003827;SIZER MINI    MINI    125    cc;1
383;7890000003834;SIZER MINI    MINI    140    cc;1
384;7890000003841;SIZER MINI    MINI    150    cc;1
385;7890000003858;SIZER MINI    MINI    160    cc;1
386;7890000003865;SIZER MINI    MINI    170    cc;1
387;7890000003872;SIZER MINI    MINI    185    cc;1
388;7890000003889;SIZER MINI    MINI    205    cc;1
389;7890000003896;SIZER MINI    MINI    220    cc;1
390;7890000003902;SIZER MINI    MINI    230    cc;1
391;7890000003919;SIZER MINI    MINI    245    cc;1
392;7890000003926;SIZER MINI    MINI    260    cc;1
393;7890000003933;SIZER MINI    MINI    275    cc;1
394;7890000003940;SIZER MINI    MINI    290    cc;1
395;7890000003957;SIZER MINI    MINI    310    cc;1
396;7890000003964;SIZER MINI    MINI    360    cc;1
397;7890000003971;SIZER MINI    MINI    400    cc;1
398;7890000003988;SIZER MINI    MINI    430    cc;1
399;7890000003995;SIZER MINI    MINI    475    cc;1
400;7890000004008;SIZER MINI    MINI    525    cc;1
404;7890000004046;POTE 220 ML CRISTAL;
406;7890000004060;POTE 220ML - CRISTAL;1,12
405;7890000004053;TAMPA FLIP TOP ROSA;0,21
407;7890000004077;TAMPA FLIP TOP - ROSA R;0,42
410;7890000004107;IMPLANT GLUTEAL - DEMI WITH QID 465 CC - S;1
411;7890000004114;IMPLANT GLUTEAL - DEMI WITH QID 375 CC - S;1
412;7890000004121;IMPLANT GLUTEAL - DEMI WITH QID 305 CC - SS;1
413;7890000004138;IMPLANT GLUTEAL - DEMI WITH QID 235 CC - S;1
414;7890000004145;IMPLANT GLUTEAL - DEMI  465 CC - S;1
415;7890000004152;IMPLANT GLUTEAL - DEMI  375 CC - S;1
416;7890000004169;IMPLANT GLUTEAL - DEMI  235 CC - S;1
417;7890000004176;IMPLANT GLUTEAL - DEMI  305 CC - SS;1
418;7890000004183;IMPLANT GLUTEAL - FULL WITH QID 365 CC - S;1
419;7890000004190;IMPLANT GLUTEAL - FULL WITH QID 285 CC - S;1
420;7890000004206;IMPLANT GLUTEAL - FULL WITH QID 455 CC - S;1
421;7890000004213;IMPLANT GLUTEAL - FULL WITH QID 555 CC - S;1
422;7890000004220;IMPLANT GLUTEAL - FULL 455 CC - S;1
423;7890000004237;IMPLANT GLUTEAL - FULL 365 CC - S;1
424;7890000004244;IMPLANT GLUTEAL - FULL 285 CC - S;1
425;7890000004251;IMPLANT GLUTEAL - FULL 555 CC - S;1
601;7890000006019;CALCA JEANS AZUL;150,3
602;;ACEM;12,99
603;;PALETA;15,99
608;;MALSDFJASF;10
604;;PICANHA;26,8
605;;MUSCULO TRAZEIRO;12,99
606;;PATINHO;17,99
607;;DESCARTE BOVINO;5
